{"cameraMode":{"drawMode":0,"name":"Shaded","section":"Shading Mode"},"sceneLighting":true,"audioPlay":false,"sceneViewState":{"showFog":false,"showMaterialUpdate":false,"showSkybox":false,"showFlares":false,"showImageEffects":false,"showParticleSystems":false},"in2DMode":false,"pivot":{"x":-0.1339019536972046,"y":1.301533579826355,"z":6.602412223815918},"rotation":{"x":-0.11411737650632858,"y":0.22069695591926576,"z":-0.02601056545972824,"w":-0.9682941436767578},"size":4.684289932250977,"orthographic":false}