{"cameraMode":{"drawMode":0,"name":"Shaded","section":"Shading Mode"},"sceneLighting":true,"audioPlay":false,"sceneViewState":{"showFog":false,"showMaterialUpdate":false,"showSkybox":false,"showFlares":false,"showImageEffects":false,"showParticleSystems":false},"in2DMode":false,"pivot":{"x":-0.809066653251648,"y":0.9682998061180115,"z":-0.21465671062469483},"rotation":{"x":-0.08659219741821289,"y":0.21551857888698579,"z":-0.01919107511639595,"w":-0.9724635481834412},"size":0.6685107946395874,"orthographic":false}