{"cameraMode":{"drawMode":0,"name":"Shaded","section":"Shading Mode"},"sceneLighting":true,"audioPlay":false,"sceneViewState":{"showFog":false,"showMaterialUpdate":false,"showSkybox":false,"showFlares":false,"showImageEffects":false,"showParticleSystems":false},"in2DMode":false,"pivot":{"x":3.4280846118927,"y":-4.846846580505371,"z":15.062959671020508},"rotation":{"x":-0.1860024333000183,"y":-0.14910364151000977,"z":0.028568899258971216,"w":-0.9707497358322144},"size":22.13271713256836,"orthographic":false}