{"cameraMode":{"drawMode":0,"name":"Shaded","section":"Shading Mode"},"sceneLighting":true,"audioPlay":false,"sceneViewState":{"showFog":false,"showMaterialUpdate":false,"showSkybox":false,"showFlares":false,"showImageEffects":false,"showParticleSystems":false},"in2DMode":false,"pivot":{"x":0.04107809066772461,"y":0.9675127267837524,"z":1.9074835777282715},"rotation":{"x":-0.1171262264251709,"y":-0.26418429613113406,"z":0.032340049743652347,"w":-0.9567874670028687},"size":2.6878159046173097,"orthographic":false}