{"cameraMode":{"drawMode":0,"name":"Shaded","section":"Shading Mode"},"sceneLighting":true,"audioPlay":false,"sceneViewState":{"showFog":false,"showMaterialUpdate":false,"showSkybox":false,"showFlares":false,"showImageEffects":false,"showParticleSystems":false},"in2DMode":false,"pivot":{"x":5.39674186706543,"y":-3.886204719543457,"z":23.932092666625978},"rotation":{"x":-0.15620094537734986,"y":-0.10881195962429047,"z":0.017315499484539033,"w":-0.9815607070922852},"size":24.514873504638673,"orthographic":false}