{"cameraMode":{"drawMode":0,"name":"Shaded","section":"Shading Mode"},"sceneLighting":true,"audioPlay":false,"sceneViewState":{"showFog":false,"showMaterialUpdate":false,"showSkybox":false,"showFlares":false,"showImageEffects":false,"showParticleSystems":false},"in2DMode":false,"pivot":{"x":-0.3810913562774658,"y":0.6940560936927795,"z":-1.8934048414230347},"rotation":{"x":-0.0608508326113224,"y":0.871516227722168,"z":-0.1119987964630127,"w":-0.473511278629303},"size":5.168510913848877,"orthographic":false}