{"cameraMode":{"drawMode":0,"name":"Shaded","section":"Shading Mode"},"sceneLighting":true,"audioPlay":false,"sceneViewState":{"showFog":false,"showMaterialUpdate":false,"showSkybox":false,"showFlares":false,"showImageEffects":false,"showParticleSystems":false},"in2DMode":false,"pivot":{"x":-1.110487937927246,"y":0.8476443290710449,"z":4.0113067626953129},"rotation":{"x":-0.09466015547513962,"y":-0.012845366261899472,"z":0.0012211132561787963,"w":-0.9954260587692261},"size":7.053732872009277,"orthographic":false}